{
  "cv_roc_auc_mean": 0.9933100000563605,
  "cv_roc_auc_std": 0.005059553595860192,
  "cv_f1_mean": 0.9562647878437351,
  "cv_recall_mean": 0.9388329979879275,
  "cv_precision_mean": 0.9765873015873017,
  "brier_score": 0.000186250348043891,
  "n_samples": 569,
  "malignant_rate": 0.37258347978910367,
  "model_type": "GradientBoostingClassifier (XGBoost-equivalent)",
  "top_features": [
    [
      "worst_area",
      0.007518101580254788
    ],
    [
      "worst_concave_points",
      0.000825802018920796
    ],
    [
      "mean_concave_points",
      0.00011891549072459706
    ],
    [
      "worst_texture",
      7.927699381637954e-05
    ],
    [
      "mean_compactness",
      5.285132921087343e-05
    ],
    [
      "mean_radius",
      0.0
    ],
    [
      "mean_texture",
      0.0
    ],
    [
      "mean_perimeter",
      0.0
    ],
    [
      "mean_area",
      0.0
    ],
    [
      "mean_smoothness",
      0.0
    ],
    [
      "mean_concavity",
      0.0
    ],
    [
      "mean_symmetry",
      0.0
    ],
    [
      "mean_fractal_dimension",
      0.0
    ],
    [
      "worst_radius",
      0.0
    ],
    [
      "worst_concavity",
      0.0
    ]
  ]
}